<?xml version="1.0"?>

<beans xmlns="http://www.springframework.org/schema/beans" xmlns:xsi="http://www.w3.org/2001/XMLSchema-instance" xmlns:context="http://www.springframework.org/schema/context" xmlns:mvc="http://www.springframework.org/schema/mvc" xsi:schemaLocation="http://www.springframework.org/schema/beans http://www.springframework.org/schema/beans/spring-beans.xsd http://www.springframework.org/schema/context http://www.springframework.org/schema/context/spring-context.xsd http://www.springframework.org/schema/mvc http://www.springframework.org/schema/mvc/spring-mvc.xsd">

<context:component-scan base-package="com.StationaryBooking"/>

<mvc:annotation-driven/>


<bean id="dataSource" class="org.springframework.jdbc.datasource.DriverManagerDataSource">

                <property name="driverClassName" value="org.apache.derby.jdbc.ClientDriver" />

                <property name="url" value="jdbc:derby://172.24.18.170:1527/priyanka;create=true" />

                <property name="username" value="priyanka" />

                <property name="password" value="priyanka" />

        </bean>

<!-- Definition for studentJDBCTemplate bean -->



<bean id="ApplicableRoles" class="com.hackathon.daoimpl.ApplicableRoles">

<property name="dataSource" ref="dataSource"/>

</bean>

</beans>




