<?xml version="1.0" encoding="UTF-8"?>

<!DOCTYPE properties SYSTEM "http://java.sun.com/dtd/properties.dtd">

<properties>


<entry key="getToastMasters">

<![CDATA[ select * from T_XBBNHCJ_TOASTMASTERS ]]>

</entry>

<entry key="getToastMastersByEmpId">

<![CDATA[ select * from T_XBBNHCJ_TOASTMASTERS where employeeid=? ]]>

</entry>

<entry key="postToastMasters">

<![CDATA[ insert into T_XBBNHCJ_TOASTMASTERS values(?,?,?,?,?)]]>

</entry>

<entry key="putToastMasters">

<![CDATA[ update T_XBBNHCJ_TOASTMASTERS set password = ? where employeeid=? ]]>

</entry>

<entry key="deleteToastMasters">

<![CDATA[ delete from T_XBBNHCJ_TOASTMASTERS where employeeid=? ]]>

</entry>





<entry key="getVotes">

<![CDATA[ select * from T_XBBNHC9_VOTING ]]>

</entry>

<entry key="postVotes">

<![CDATA[ insert into T_XBBNHC9_VOTING values(?,?,?,?) ]]>

</entry>

<entry key="putVotes">

<![CDATA[  update T_XBBNHC9_VOTING set voterEmpId=?,roleplayerEmpId=?  where roleId=? and meetingNo=? ]]>

</entry>

<entry key="deleteVotes">

<![CDATA[ delete from T_XBBNHC9_VOTING where meetingNo=? ]]>

</entry>

<entry key="getVotesByMeetingNo">

<![CDATA[ select * from T_XBBNHC9_VOTING where meetingNo=?]]>

</entry>






<entry key="getBookings">

<![CDATA[ select * from T_XBBNHCJ_BOOKINGS ]]>

</entry>


<entry key="setBooking">

<![CDATA[ insert into T_XBBNHCJ_BOOKINGS values(?,?,?,?,?) ]]>

</entry>


<entry key="updatebooking">

<![CDATA[ update T_XBBNHCJ_BOOKINGS set employeeId = ?, meetingNo = ?,roleName =? where id =? ]]>

</entry>


<entry key="deleteBooking">

<![CDATA[ delete from T_XBBNHCJ_BOOKINGS where id=? ]]>

</entry>






<entry key="getRoles">

<![CDATA[ select * from T_XBBNHCJ_ROLES ]]>

</entry>


<entry key="getOneRole">

<![CDATA[ select * from T_XBBNHCJ_ROLES where roleid=? ]]>

</entry>


<entry key="setRole">

<![CDATA[ insert into T_XBBNHCJ_ROLES values(?,?,?) ]]>

</entry>


<entry key="editRole">

<![CDATA[ update T_XBBNHCJ_ROLES set rolename = ?, rolepoints=? where roleid =? ]]>

</entry>


<entry key="deleteRole">

<![CDATA[ delete from T_XBBNHCJ_ROLES where roleid=? ]]>

</entry>


<entry key="getMeetings">

<![CDATA[ select * from T_XBBNHC9_MeetingDetails ]]>

</entry>


<entry key="getOneMeeting">

<![CDATA[ select * from T_XBBNHC9_MeetingDetails where meetingno=? ]]>

</entry>


<entry key="setMeeting">

<![CDATA[ insert into T_XBBNHC9_MeetingDetails values(?,?,?,?,?,?) ]]>

</entry>


<entry key="editMeeting">

<![CDATA[ update T_XBBNHC9_MeetingDetails set theme=? where meetingno = ? ]]>

</entry>


<entry key="deleteMeeting">

<![CDATA[ delete from T_XBBNHC9_MeetingDetails where meetingno=? ]]>

</entry>

<entry key="getOneBooking">

<![CDATA[ select * from T_XBBNHCJ_BOOKINGS where id=? ]]>

</entry>

<entry key="putTheme">

<![CDATA[ update T_XBBNHC9_MeetingDetails set theme = ? where  theme is NULL and status = 'forth coming' ]]>

</entry>

</properties>




