<?xml version="1.0" encoding="UTF-8"?>

<beans xsi:schemaLocation="http://www.springframework.org/schema/mvc http://www.springframework.org/schema/mvc/spring-mvc.xsd http://www.springframework.org/schema/beans http://www.springframework.org/schema/beans/spring-beans.xsd http://www.springframework.org/schema/tx http://www.springframework.org/schema/tx/spring-tx-4.1.xsd http://www.springframework.org/schema/context http://www.springframework.org/schema/context/spring-context.xsd" xmlns:tx="http://www.springframework.org/schema/tx" xmlns:mvc="http://www.springframework.org/schema/mvc" xmlns:context="http://www.springframework.org/schema/context" xmlns:xsi="http://www.w3.org/2001/XMLSchema-instance" xmlns="http://www.springframework.org/schema/beans">

<context:annotation-config/>

<context:component-scan base-package="com.hackathon"/>

<!-- Initialization for data source -->





<bean id="dataSource" class="org.springframework.jdbc.datasource.DriverManagerDataSource">

                <property name="driverClassName" value="org.apache.derby.jdbc.ClientDriver" />

                <property name="url" value="jdbc:derby://172.24.18.170:1527/priyanka;create=true" />

                <property name="username" value="priyanka" />

                <property name="password" value="priyanka" />

        </bean>


<bean class="org.springframework.beans.factory.config.PropertiesFactoryBean" id="queryProps">

<property value="WEB-INF/queriesAccess.xml" name="locations"/>

</bean>


<bean class="com.hackathon.daoimpl.ToastMastersDAO" id="tmdao">



<property name="queryProps" ref="queryProps"/>

</bean>

<bean class="com.hackathon.daoimpl.VotingDao" id="vdao">
<property name="queryProps" ref="queryProps"/>

</bean>

<bean class="com.hackathon.bean.ToastMastersBean" id="toastmaster"/>

<bean class="com.hackathon.model.MetaData" id="metaData"/>

<bean class="com.hackathon.model.Data" id="data"/>

<bean class="com.hackathon.model.ErrorDetails" id="error"/>

<bean class="com.hackathon.model.Response" id="response"/> 




<mvc:default-servlet-handler/>

<mvc:annotation-driven/>

</beans>